<?xml version="1.0" encoding="UTF-8"?>
<project-private xmlns="http://www.netbeans.org/ns/project-private/1">
    <editor-bookmarks xmlns="http://www.netbeans.org/ns/editor-bookmarks/2" lastBookmarkId="0"/>
    <open-files xmlns="http://www.netbeans.org/ns/projectui-open-files/2">
        <group>
            <file>file:/Users/Soso/Documents/EGG/Colecciones_encuentro%2062%20a%2072/Ejercicio6colections_tienda/src/Services/TiendaServices.java</file>
            <file>file:/Users/Soso/Documents/EGG/Colecciones_encuentro%2062%20a%2072/Ejercicio6colections_tienda/src/Entities/Tienda.java</file>
        </group>
    </open-files>
</project-private>
