<?xml version="1.0" encoding="UTF-8"?>
<project-private xmlns="http://www.netbeans.org/ns/project-private/1">
    <editor-bookmarks xmlns="http://www.netbeans.org/ns/editor-bookmarks/2" lastBookmarkId="0"/>
    <open-files xmlns="http://www.netbeans.org/ns/projectui-open-files/2">
        <group>
            <file>file:/C:/Users/HP/Documents/Globant/Colecciones/Ej5Colecciones/src/Entidades/Pais.java</file>
            <file>file:/C:/Users/HP/Documents/Globant/Colecciones/Ej5Colecciones/src/Services/PaisServices.java</file>
            <file>file:/C:/Users/HP/Documents/Globant/Colecciones/Ej5Colecciones/src/Utilidades/Comparators.java</file>
            <file>file:/C:/Users/HP/Documents/Globant/Colecciones/Ej5Colecciones/src/ej5colecciones/Ej5Colecciones.java</file>
        </group>
    </open-files>
</project-private>
